tanggal;cabang;produk;jumlah;harga_satuan
2026-04-01;Makassar;Beras;10;12000
2026-04-01;Manado;Gula;8;14000
2026-04-02;Makassar;Minyak Goreng;5;18000
2026-04-02;Kendari;Telur;12;2000
2026-04-03;Manado;Beras;7;12500
2026-04-03;Kendari;Gula;6;14500
2026-04-04;Makassar;Telur;15;2100
2026-04-04;Manado;Minyak Goreng;4;18500
2026-04-05;Kendari;Beras;9;12300
2026-04-05;Makassar;Gula;10;14200
2026-04-06;Manado;Telur;11;2050
2026-04-06;Kendari;Minyak Goreng;6;17800
2026-04-07;Makassar;Beras;8;12200
2026-04-07;Manado;Gula;7;14100
2026-04-08;Kendari;Telur;13;2080
2026-04-08;Makassar;Minyak Goreng;5;18200
2026-04-09;Manado;Beras;6;12400
2026-04-09;Kendari;Gula;9;14300
2026-04-10;Makassar;Telur;14;2070
2026-04-10;Manado;Minyak Goreng;3;18600